date,temperature_2m,relative_humidity_2m,precipitation,surface_pressure,cloud_cover,wind_speed_80m,wind_direction_80m,wind_gusts_10m,location
2026-09-08 22:00:00+00:00,13.6545,89.0,0.3,999.6896,100.0,19.590725,231.17992,17.28,Aalborg
2026-09-08 23:00:00+00:00,13.4545,91.0,0.0,999.2891,100.0,19.825775,233.63704,16.199999,Aalborg
2026-09-09 00:00:00+00:00,13.1545,91.0,0.1,999.5872,100.0,20.61057,239.28725,15.4800005,Aalborg
2026-09-09 01:00:00+00:00,12.7545,91.0,0.3,999.78503,100.0,19.70743,235.88548,19.44,Aalborg
2026-09-09 02:00:00+00:00,12.6045,92.0,0.1,999.5847,98.0,18.831278,236.0138,22.68,Aalborg
2026-09-09 03:00:00+00:00,12.4045,92.0,0.0,999.4839,97.0,19.716017,240.69789,23.039999,Aalborg
2026-09-09 04:00:00+00:00,12.304501,92.0,0.0,999.78326,95.0,21.032618,242.15251,19.44,Aalborg
2026-09-09 05:00:00+00:00,11.9545,94.0,0.0,999.8815,78.0,23.695127,243.62473,19.8,Aalborg
2026-09-09 06:00:00+00:00,12.5045,94.0,0.0,1000.3833,42.0,23.246624,245.9497,23.759998,Aalborg
2026-09-09 07:00:00+00:00,13.6045,93.0,0.0,1000.68805,49.0,20.720787,248.64896,24.84,Aalborg
2026-09-09 08:00:00+00:00,14.804501,90.0,0.0,1000.893,64.0,22.128017,255.30263,25.56,Aalborg
2026-09-09 09:00:00+00:00,16.0045,88.0,0.0,1001.09814,70.0,23.198908,262.1764,25.56,Aalborg
2026-09-09 10:00:00+00:00,16.7545,84.0,0.0,1001.2014,91.0,22.18983,265.0107,28.44,Aalborg
2026-09-09 11:00:00+00:00,17.2545,83.0,0.0,1001.4033,93.0,24.416145,262.5687,34.2,Aalborg
2026-09-09 12:00:00+00:00,17.7545,71.0,0.0,1001.7052,82.0,25.757198,260.98688,36.36,Aalborg
2026-09-09 13:00:00+00:00,17.7545,68.0,0.0,1001.90497,43.0,28.702408,274.90897,36.36,Aalborg
2026-09-09 14:00:00+00:00,17.7045,66.0,0.0,1002.4043,19.0,30.846958,275.54837,38.16,Aalborg
2026-09-09 15:00:00+00:00,17.3545,69.0,0.0,1002.7024,47.0,32.46444,271.23862,39.96,Aalborg
2026-09-09 16:00:00+00:00,16.9545,67.0,0.0,1003.1,15.0,36.34878,278.32556,39.96,Aalborg
2026-09-09 17:00:00+00:00,15.9545,72.0,0.0,1003.39514,5.0,36.388138,273.59348,37.8,Aalborg
2026-09-09 18:00:00+00:00,14.6045,74.0,0.0,1003.8882,0.0,32.65304,261.34753,30.599998,Aalborg
2026-09-09 19:00:00+00:00,13.1545,77.0,0.0,1004.18115,1.0,30.981373,256.9081,25.56,Aalborg
2026-09-09 20:00:00+00:00,12.4045,82.0,0.0,1004.4773,3.0,33.400486,260.93356,24.84,Aalborg
2026-09-09 21:00:00+00:00,12.3545,87.0,0.0,1004.8766,5.0,24.57322,326.65027,25.199999,Aalborg
2026-09-09 22:00:00+00:00,12.4545,90.0,0.0,1005.57623,0.0,22.694551,340.58444,24.84,Aalborg
2026-09-09 23:00:00+00:00,12.2545,81.0,0.0,1006.1745,0.0,17.692745,337.249,16.199999,Aalborg
2026-09-10 00:00:00+00:00,11.9545,84.0,0.0,1007.1719,1.0,17.164694,319.1447,15.4800005,Aalborg
2026-09-10 01:00:00+00:00,11.4045,84.0,0.0,1007.86816,10.0,17.072092,309.57938,15.119999,Aalborg
2026-09-10 02:00:00+00:00,10.9545,85.0,0.0,1008.2657,23.0,18.220695,308.74597,11.879999,Aalborg
2026-09-10 03:00:00+00:00,10.6045,88.0,0.0,1008.66364,22.0,18.00915,312.23608,10.440001,Aalborg
2026-09-10 04:00:00+00:00,9.9545,91.0,0.0,1008.95996,2.0,13.648476,316.04153,10.799999,Aalborg
2026-09-10 05:00:00+00:00,9.7545,93.0,0.0,1009.55835,7.0,8.913098,323.8067,13.32,Aalborg
2026-09-10 06:00:00+00:00,11.2545,87.0,0.0,1010.1644,18.0,10.735015,281.3099,18.72,Aalborg
2026-09-10 07:00:00+00:00,13.554501,78.0,0.0,1010.5747,1.0,19.305847,271.5622,22.319998,Aalborg
2026-09-10 08:00:00+00:00,15.5045,71.0,0.0,1011.18286,1.0,18.098658,286.32693,27.359999,Aalborg
2026-09-10 09:00:00+00:00,16.5545,66.0,0.0,1011.58704,1.0,15.346954,280.53912,28.44,Aalborg
2026-09-10 10:00:00+00:00,17.4545,59.0,0.0,1011.89075,0.0,17.194258,270.58463,29.16,Aalborg
2026-09-10 11:00:00+00:00,18.154501,54.0,0.0,1012.29346,0.0,19.16262,273.6744,32.039997,Aalborg
2026-09-10 12:00:00+00:00,18.5545,52.0,0.0,1012.5949,3.0,21.862835,279.23547,33.839996,Aalborg
2026-09-10 13:00:00+00:00,18.6045,52.0,0.0,1012.89453,68.0,24.42434,284.13608,35.28,Aalborg
2026-09-10 14:00:00+00:00,18.4545,55.0,0.0,1013.1935,98.0,26.147991,286.36792,36.719997,Aalborg
2026-09-10 15:00:00+00:00,18.0045,59.0,0.0,1013.3913,98.0,25.048367,281.3099,36.719997,Aalborg
2026-09-10 16:00:00+00:00,17.154501,61.0,0.0,1013.3876,100.0,23.918156,278.01114,35.28,Aalborg
2026-09-10 17:00:00+00:00,16.2545,63.0,0.0,1013.58325,100.0,23.339783,271.29214,31.319998,Aalborg
2026-09-10 18:00:00+00:00,15.3545,66.0,0.0,1013.8786,98.0,20.868807,262.75558,27.359999,Aalborg
2026-09-10 19:00:00+00:00,14.2045,70.0,0.0,1014.17316,100.0,20.895338,256.89722,20.880001,Aalborg
2026-09-10 20:00:00+00:00,13.2545,73.0,0.0,1014.2685,100.0,17.27997,254.6938,19.08,Aalborg
2026-09-10 21:00:00+00:00,12.6045,77.0,0.0,1014.2654,87.0,16.112076,234.75233,18.72,Aalborg
2026-09-10 22:00:00+00:00,11.9045,82.0,0.0,1014.1624,77.0,17.343975,218.84084,17.28,Aalborg
2026-09-10 23:00:00+00:00,11.5045,82.0,0.0,1014.0606,99.0,20.068808,202.08049,18.359999,Aalborg
2026-09-11 00:00:00+00:00,11.4545,82.0,0.0,1014.06024,97.0,21.211857,200.83345,19.44,Aalborg
2026-09-11 01:00:00+00:00,11.4045,82.0,0.0,1013.6605,99.0,22.320528,200.71425,19.44,Aalborg
2026-09-11 02:00:00+00:00,11.4045,82.0,0.0,1013.3609,99.0,24.25234,199.87697,20.16,Aalborg
2026-09-11 03:00:00+00:00,11.6045,83.0,0.0,1013.26196,97.0,26.408607,198.1943,20.16,Aalborg
2026-09-11 04:00:00+00:00,11.7045,84.0,0.0,1013.2626,96.0,26.911982,190.13774,20.519999,Aalborg
2026-09-11 05:00:00+00:00,12.1045,84.0,0.0,1013.1647,97.0,26.954838,185.2281,21.96,Aalborg
2026-09-11 06:00:00+00:00,12.6545,83.0,0.0,1013.267,100.0,26.225569,188.0758,24.48,Aalborg
2026-09-11 07:00:00+00:00,13.2545,89.0,0.3,1013.36975,100.0,24.49795,191.14896,25.919998,Aalborg
2026-09-11 08:00:00+00:00,13.940875,89.614075,0.25,1013.39777,100.0,19.129665,187.90707,22.769999,Aalborg
2026-09-11 09:00:00+00:00,15.00225,86.052765,0.0,1013.57764,100.0,17.567038,188.61557,25.56,Aalborg
2026-09-11 10:00:00+00:00,15.776125,83.64282,0.0,1013.63086,100.0,16.555857,192.8581,26.19,Aalborg
2026-09-11 11:00:00+00:00,16.25,77.44796,0.0,1013.6831,100.0,17.809786,214.15974,23.759998,Aalborg
2026-09-11 12:00:00+00:00,16.45,77.22495,0.0,1013.6839,90.0,19.378254,211.67543,28.08,Aalborg
2026-09-11 13:00:00+00:00,16.6,79.03837,0.0,1013.5848,47.0,18.141972,198.61026,27.72,Aalborg
2026-09-11 14:00:00+00:00,17.4,73.91368,0.0,1013.4884,68.0,22.577612,219.00748,33.839996,Aalborg
2026-09-11 15:00:00+00:00,17.25,76.34543,0.1,1013.3878,88.0,24.496695,218.019,33.839996,Aalborg
2026-09-11 16:00:00+00:00,15.7,87.61506,0.4,1013.3809,97.0,25.787655,210.2283,34.2,Aalborg
2026-09-11 17:00:00+00:00,14.85,94.96264,1.3,1013.4769,80.0,26.070772,216.79288,31.319998,Aalborg
2026-09-11 18:00:00+00:00,15.0,95.58487,0.2,1013.6773,27.0,24.702522,239.24568,26.64,Aalborg
2026-09-11 19:00:00+00:00,14.4,96.81393,0.0,1013.9741,18.0,21.82338,245.28922,25.199999,Aalborg
2026-09-11 20:00:00+00:00,13.85,97.75072,0.0,1014.371,21.0,21.881832,254.18074,20.519999,Aalborg
2026-09-11 21:00:00+00:00,13.55,97.74552,0.0,1014.76917,16.0,22.950798,258.0888,21.24,Aalborg
2026-09-11 22:00:00+00:00,13.35,97.742035,0.0,1015.0679,8.0,24.34355,260.87717,23.039999,Aalborg
2026-09-11 23:00:00+00:00,13.15,97.738556,0.0,1015.0669,9.0,23.0211,255.43419,23.039999,Aalborg
2026-09-12 00:00:00+00:00,12.95,97.73505,0.0,1015.0659,9.0,22.467598,255.52966,21.599998,Aalborg
2026-09-12 01:00:00+00:00,12.75,97.73155,0.0,1015.065,75.0,22.681664,255.21127,20.880001,Aalborg
2026-09-12 02:00:00+00:00,12.6,98.050545,0.0,1015.0644,43.0,22.821684,253.93353,21.24,Aalborg
2026-09-12 03:00:00+00:00,12.7,97.41021,0.0,1014.9651,58.0,23.065845,255.01239,21.96,Aalborg
2026-09-12 04:00:00+00:00,12.55,97.72802,0.0,1014.6645,52.0,21.749207,252.1496,21.599998,Aalborg
2026-09-12 05:00:00+00:00,12.25,97.4012,0.0,1014.46356,66.0,21.608643,246.55707,20.16,Aalborg
2026-09-12 06:00:00+00:00,12.65,97.40921,0.0,1014.36566,41.0,20.049627,237.14427,20.880001,Aalborg
2026-09-12 07:00:00+00:00,13.2,96.78446,0.0,1014.468,76.0,19.600935,224.9999,25.199999,Aalborg
2026-09-12 08:00:00+00:00,14.3,89.52136,0.0,1014.3732,99.0,23.322632,224.9999,33.12,Aalborg
2026-09-12 09:00:00+00:00,15.05,84.45917,0.2,1014.27686,85.0,25.680008,225.27678,37.44,Aalborg
2026-09-12 10:00:00+00:00,15.95,78.944305,0.1,1013.5819,92.0,26.301159,224.45956,39.239998,Aalborg
2026-09-12 11:00:00+00:00,16.5,75.477325,0.1,1013.18494,100.0,30.562258,232.93268,44.639996,Aalborg
2026-09-12 12:00:00+00:00,16.65,66.13656,0.0,1012.9858,100.0,31.17154,238.81508,48.239998,Aalborg
2026-09-12 13:00:00+00:00,16.6,67.46217,0.1,1012.38635,100.0,31.93824,234.38905,49.32,Aalborg
2026-09-12 14:00:00+00:00,16.25,72.02569,0.1,1011.68567,100.0,32.645973,226.95992,48.96,Aalborg
2026-09-12 15:00:00+00:00,15.85,77.38631,0.1,1011.08453,100.0,33.175327,221.78442,48.239998,Aalborg
2026-09-12 16:00:00+00:00,15.4,83.12543,0.5,1010.4834,100.0,32.82697,221.09941,46.8,Aalborg
2026-09-12 17:00:00+00:00,14.9,90.15361,0.5,1009.9819,100.0,31.911722,222.5491,45.0,Aalborg
2026-09-12 18:00:00+00:00,14.6,95.26185,0.5,1009.58075,100.0,30.890333,224.7699,42.48,Aalborg
2026-09-12 19:00:00+00:00,14.65,97.13396,0.1,1009.28143,100.0,30.058573,227.83885,39.6,Aalborg
2026-09-12 20:00:00+00:00,14.85,96.824844,0.1,1008.9828,100.0,29.236319,231.82341,36.36,Aalborg
2026-09-12 21:00:00+00:00,15.0,96.51626,0.1,1008.7836,100.0,28.708841,236.21278,33.839996,Aalborg
2026-09-12 22:00:00+00:00,15.0,96.51626,0.0,1008.584,93.0,28.594429,240.60403,32.760002,Aalborg
2026-09-12 23:00:00+00:00,14.9,96.513626,0.0,1008.384,84.0,28.967136,245.29759,32.760002,Aalborg
2026-09-13 00:00:00+00:00,14.75,95.88665,0.0,1008.2831,78.0,29.244211,250.3692,33.12,Aalborg
2026-09-13 01:00:00+00:00,14.5,94.94928,0.0,1008.28217,81.0,29.70578,257.03073,34.2,Aalborg
2026-09-13 02:00:00+00:00,14.2,93.70804,0.0,1008.3805,86.0,30.340897,264.02576,36.0,Aalborg
2026-09-13 03:00:00+00:00,13.85,91.56769,0.0,1008.57855,84.0,31.230728,269.35626,37.079998,Aalborg
2026-09-13 04:00:00+00:00,13.4,87.98599,0.0,1008.87634,64.0,31.59718,271.90912,37.079998,Aalborg
2026-09-13 05:00:00+00:00,12.9,83.37817,0.0,1009.1734,36.0,31.638554,273.49698,36.36,Aalborg
2026-09-13 06:00:00+00:00,12.8,78.74456,0.0,1009.47266,17.0,32.244205,275.30722,37.8,Aalborg
2026-09-13 07:00:00+00:00,13.3,73.93604,0.0,1009.7744,12.0,33.89356,278.63333,42.839996,Aalborg
2026-09-13 08:00:00+00:00,14.2,68.80054,0.0,1010.07825,16.0,36.098965,282.34756,49.32,Aalborg
2026-09-13 09:00:00+00:00,14.9,65.316925,0.0,1010.28143,27.0,37.74623,284.81137,54.36,Aalborg
2026-09-13 10:00:00+00:00,15.3,63.44356,0.0,1010.4828,50.0,38.41509,286.44867,56.16,Aalborg
2026-09-13 11:00:00+00:00,15.6,62.44617,0.0,1010.6841,79.0,38.619663,287.44727,56.16,Aalborg
2026-09-13 12:00:00+00:00,15.7,62.04774,0.0,1010.8842,98.0,38.33849,287.85464,56.16,Aalborg
2026-09-13 13:00:00+00:00,15.65,61.617065,0.0,1011.0836,94.0,37.730328,287.5925,56.519997,Aalborg
2026-09-13 14:00:00+00:00,15.4,61.767933,0.0,1011.1825,80.0,36.80154,286.62082,56.88,Aalborg
2026-09-13 15:00:00+00:00,15.05,62.95783,0.0,1011.1809,70.0,35.40679,284.93146,56.88,Aalborg
2026-09-13 16:00:00+00:00,14.5,66.121086,0.0,1011.07855,73.0,33.37836,282.1368,57.6,Aalborg
2026-09-13 17:00:00+00:00,13.8,70.84741,0.0,1010.77563,81.0,31.01414,278.13,57.96,Aalborg
2026-09-13 18:00:00+00:00,13.25,75.185844,0.0,1010.6733,88.0,29.401665,274.79193,56.16,Aalborg
2026-09-13 19:00:00+00:00,12.9,78.23111,0.0,1010.7713,94.0,28.650887,273.51062,49.32,Aalborg
2026-09-13 20:00:00+00:00,12.7,80.87702,0.0,1010.8705,98.0,28.31209,273.90848,40.32,Aalborg
2026-09-13 21:00:00+00:00,12.5,82.77349,0.0,1011.0693,99.0,27.988432,274.67407,33.12,Aalborg
2026-09-13 22:00:00+00:00,12.35,83.873276,0.0,1011.1683,95.0,27.687132,275.81888,30.599998,Aalborg
2026-09-13 23:00:00+00:00,12.2,84.70411,0.0,1011.2674,87.0,27.419025,277.3523,30.239998,Aalborg
2026-09-14 00:00:00+00:00,12.1,84.97764,0.0,1011.36707,74.0,27.05457,279.70657,29.88,Aalborg
2026-09-14 01:00:00+00:00,11.95,85.53363,0.0,1011.4662,48.0,26.510975,283.39252,29.519999,Aalborg
2026-09-14 02:00:00+00:00,11.75,86.3786,0.0,1011.46533,16.0,26.187395,287.9495,29.16,Aalborg
2026-09-14 03:00:00+00:00,11.65,86.95067,0.0,1011.66437,0.0,25.872856,290.64706,28.8,Aalborg
2026-09-14 04:00:00+00:00,11.5,88.40808,0.0,1012.06323,16.0,25.79959,289.0511,27.72,Aalborg
2026-09-14 05:00:00+00:00,11.4,89.59355,0.0,1012.562,48.0,25.713547,285.83807,26.28,Aalborg
2026-09-14 06:00:00+00:00,11.65,88.42096,0.0,1013.06256,67.0,25.105442,283.74493,26.28,Aalborg
2026-09-14 07:00:00+00:00,12.5,82.77349,0.0,1013.566,59.0,22.896418,285.10114,28.44,Aalborg
2026-09-14 08:00:00+00:00,13.65,75.76079,0.0,1014.17035,38.0,20.02889,288.91116,31.319998,Aalborg
2026-09-14 09:00:00+00:00,14.6,70.28782,0.0,1014.5742,24.0,17.88653,291.27966,33.48,Aalborg
2026-09-14 10:00:00+00:00,15.15,67.386765,0.0,1014.87634,23.0,16.643932,288.43503,32.760002,Aalborg
2026-09-14 11:00:00+00:00,15.45,65.879364,0.0,1015.07776,29.0,16.346304,282.3954,30.960001,Aalborg
2026-09-14 12:00:00+00:00,15.55,65.01879,0.0,1015.2777,39.0,17.074799,279.46225,30.239998,Aalborg
2026-09-14 13:00:00+00:00,15.4,64.985886,0.0,1015.377,58.0,19.716017,281.80984,32.039997,Aalborg
2026-09-14 14:00:00+00:00,15.0,65.78224,0.0,1015.4749,82.0,23.281023,285.29303,35.28,Aalborg
2026-09-14 15:00:00+00:00,14.6,67.04462,0.0,1015.5729,98.0,25.475428,286.8127,37.44,Aalborg
2026-09-14 16:00:00+00:00,14.15,69.25754,0.0,1015.67096,99.0,24.681955,284.8265,38.16,Aalborg
2026-09-14 17:00:00+00:00,13.6,72.017365,0.0,1015.76825,93.0,22.708788,281.13626,38.16,Aalborg
2026-09-14 18:00:00+00:00,13.25,74.17747,0.0,1015.86646,88.0,21.065516,277.65762,38.16,Aalborg
2026-09-14 19:00:00+00:00,12.8,83.36626,0.0,1018.6606,87.0,19.669127,267.4439,29.16,Aalborg
2026-09-14 20:00:00+00:00,12.3,85.28449,0.0,1018.6584,87.0,18.71569,263.5413,27.72,Aalborg
2026-09-14 21:00:00+00:00,11.95,86.39851,0.0,1018.6567,87.0,17.412167,257.7843,26.28,Aalborg
2026-09-14 22:00:00+00:00,11.65,87.53617,0.0,1018.65515,87.0,16.26324,249.80557,24.48,Aalborg
2026-09-14 23:00:00+00:00,11.45,88.10758,0.0,1018.5543,86.0,15.407004,239.9315,23.039999,Aalborg
2026-09-15 00:00:00+00:00,11.3,88.688286,0.0,1018.35394,87.0,15.052309,229.25392,22.319998,Aalborg
2026-09-15 01:00:00+00:00,11.25,88.68408,0.0,1018.054,89.0,15.404008,217.13101,21.96,Aalborg
2026-09-15 02:00:00+00:00,11.25,88.386566,0.0,1017.75433,91.0,16.495325,203.83875,21.96,Aalborg
2026-09-15 03:00:00+00:00,11.3,87.79872,0.0,1017.3553,93.0,18.478182,192.05675,22.319998,Aalborg
2026-09-15 04:00:00+00:00,11.5,86.64452,0.0,1016.85693,95.0,21.088884,183.33841,23.039999,Aalborg
2026-09-15 05:00:00+00:00,11.8,84.9449,0.0,1016.3589,98.0,23.700972,177.87895,24.119999,Aalborg
2026-09-15 06:00:00+00:00,12.2,83.01508,0.0,1015.8614,99.0,25.90674,174.55975,25.919998,Aalborg
2026-09-15 07:00:00+00:00,12.9,79.55766,0.0,1015.2654,100.0,27.531054,173.78087,28.44,Aalborg
2026-09-15 08:00:00+00:00,13.9,75.04293,0.0,1014.6709,100.0,28.577744,174.0095,32.039997,Aalborg
2026-09-15 09:00:00+00:00,15.0,70.12977,0.0,1014.0768,100.0,29.212618,175.5222,36.0,Aalborg
2026-09-15 10:00:00+00:00,16.05,66.22994,0.0,1013.3825,100.0,29.701637,176.61374,39.6,Aalborg
2026-09-15 11:00:00+00:00,16.85,63.579338,0.0,1012.68713,100.0,30.392591,177.02205,43.199997,Aalborg
2026-09-15 12:00:00+00:00,17.25,63.03444,0.0,1011.8898,100.0,30.938124,176.42374,45.36,Aalborg
2026-09-15 13:00:00+00:00,17.15,64.71732,0.5,1010.99066,100.0,32.14238,173.41815,46.44,Aalborg
2026-09-15 14:00:00+00:00,16.6,69.05122,0.5,1010.08936,100.0,34.029057,168.40044,46.8,Aalborg
2026-09-15 15:00:00+00:00,15.85,74.62553,0.5,1009.08716,100.0,36.24702,163.40692,46.8,Aalborg
2026-09-15 16:00:00+00:00,15.05,80.923485,0.5,1008.08496,100.0,37.907345,159.9715,46.079998,Aalborg
2026-09-15 17:00:00+00:00,14.3,87.20116,0.5,1007.1826,100.0,38.345314,158.24721,45.719997,Aalborg
2026-09-15 18:00:00+00:00,13.85,91.56769,0.5,1006.3814,100.0,36.42787,159.12091,45.719997,Aalborg
2026-09-15 19:00:00+00:00,13.7,93.991486,0.4,1005.5819,92.0,31.4517,164.80089,46.079998,Aalborg
2026-09-15 20:00:00+00:00,13.65,95.53932,0.4,1004.88257,82.0,24.742985,178.78116,46.079998,Aalborg
2026-09-15 21:00:00+00:00,13.75,95.85519,0.4,1004.184,69.0,20.087204,205.89359,46.44,Aalborg
