date,temperature_2m,relative_humidity_2m,precipitation,surface_pressure,cloud_cover,wind_speed_80m,wind_direction_80m,wind_gusts_10m,location,hour,day_of_week,month,wind_speed_80m_lag_1,wind_speed_80m_lag_2,wind_speed_80m_lag_3,wind_speed_80m_lag_24,wind_speed_80m_roll_3,wind_speed_80m_roll_6,wind_speed_80m_cubed,temp_wind_interaction,theoretical_energy,target_energy_next_hour
2026-09-08 22:00:00+00:00,13.6545,89.0,0.3,999.6896,100.0,19.590725,231.17992,17.28,Aalborg,22,1,9,20.8946,23.700972,25.337925,24.644516,21.39543233333333,23.806047500000002,7518.851805508862,267.5015545125,1.0,1.0
2026-09-08 23:00:00+00:00,13.4545,91.0,0.0,999.2891,100.0,19.825775,233.63704,16.199999,Aalborg,23,1,9,19.590725,20.8946,23.700972,23.318672,20.103699999999993,22.582703666666664,7792.745972550762,266.74588973749997,1.0,1.0
2026-09-09 00:00:00+00:00,13.1545,91.0,0.1,999.5872,100.0,20.61057,239.28725,15.4800005,Aalborg,0,2,9,19.825775,19.590725,20.8946,20.726727,20.009023333333328,21.6600945,8755.279361379751,271.121743065,1.0,1.0
2026-09-09 01:00:00+00:00,12.7545,91.0,0.3,999.78503,100.0,19.70743,235.88548,19.44,Aalborg,1,2,9,20.61057,19.825775,19.590725,18.587795,20.047924999999996,20.721678666666666,7654.026789119761,251.35841593499998,1.0,1.0
2026-09-09 02:00:00+00:00,12.6045,92.0,0.1,999.5847,98.0,18.831278,236.0138,22.68,Aalborg,2,2,9,19.70743,20.61057,19.825775,20.08644,19.716425999999995,19.910062999999997,6677.891896428901,237.358843551,1.0,1.0
2026-09-09 03:00:00+00:00,12.4045,92.0,0.0,999.4839,97.0,19.716017,240.69789,23.039999,Aalborg,3,2,9,18.831278,19.70743,20.61057,17.425419,19.418241666666663,19.7136325,7664.03627846655,244.56733287650002,1.0,1.0
2026-09-09 04:00:00+00:00,12.304501,92.0,0.0,999.78326,95.0,21.032618,242.15251,19.44,Aalborg,4,2,9,19.716017,18.831278,19.70743,19.173862,19.859970999999998,19.953948,9304.220676540608,258.795869213618,1.0,1.0
2026-09-09 05:00:00+00:00,11.9545,94.0,0.0,999.8815,78.0,23.695127,243.62473,19.8,Aalborg,5,2,9,21.032618,19.716017,18.831278,21.733633,21.481253999999996,20.59884,13303.843342124055,283.2633957215,1.0,1.0
2026-09-09 06:00:00+00:00,12.5045,94.0,0.0,1000.3833,42.0,23.246624,245.9497,23.759998,Aalborg,6,2,9,23.695127,21.032618,19.716017,24.070807,22.658122999999993,21.038182333333335,12562.604102928499,290.687409808,1.0,1.0
2026-09-09 07:00:00+00:00,13.6045,93.0,0.0,1000.68805,49.0,20.720787,248.64896,24.84,Aalborg,7,2,9,23.246624,23.695127,21.032618,23.462765,22.554179333333327,21.207075166666666,8896.490907242865,281.89594674150004,1.0,1.0
2026-09-09 08:00:00+00:00,14.804501,90.0,0.0,1000.893,64.0,22.128017,255.30263,25.56,Aalborg,8,2,9,20.720787,23.246624,23.695127,20.827467,22.031809333333328,21.756531666666664,10834.96441323877,327.594249804517,1.0,1.0
2026-09-09 09:00:00+00:00,16.0045,88.0,0.0,1001.09814,70.0,23.198908,262.1764,25.56,Aalborg,9,2,9,22.128017,20.720787,23.246624,16.759117,22.015903999999995,22.3370135,12485.40480875419,371.286923086,1.0,1.0
2026-09-09 10:00:00+00:00,16.7545,84.0,0.0,1001.2014,91.0,22.18983,265.0107,28.44,Aalborg,10,2,9,23.198908,22.128017,20.720787,23.079853,22.505584999999996,22.529882166666667,10926.018338912869,371.77950673500004,1.0,1.0
2026-09-09 11:00:00+00:00,17.2545,83.0,0.0,1001.4033,93.0,24.416145,262.5687,34.2,Aalborg,11,2,9,22.18983,23.198908,22.128017,27.66489,23.26829433333333,22.650051833333336,14555.639346195403,421.2883739025,1.0,0.0
2026-09-09 12:00:00+00:00,17.7545,71.0,0.0,1001.7052,82.0,25.757198,260.98688,36.36,Aalborg,12,2,9,24.416145,22.18983,23.198908,19.998901,24.121057666666662,23.068480833333336,17088.181549413443,457.30617189099996,0.0,0.0
2026-09-09 13:00:00+00:00,17.7545,68.0,0.0,1001.90497,43.0,28.702408,274.90897,36.36,Aalborg,13,2,9,25.757198,24.416145,22.18983,22.870861,26.291916999999994,24.398751,23645.85383582171,509.59690283599997,0.0,0.0
2026-09-09 14:00:00+00:00,17.7045,66.0,0.0,1002.4043,19.0,30.846958,275.54837,38.16,Aalborg,14,2,9,28.702408,25.757198,24.416145,22.209242,28.435521333333327,25.851907833333332,29351.95456187271,546.129967911,0.0,0.0
2026-09-09 15:00:00+00:00,17.3545,69.0,0.0,1002.7024,47.0,32.46444,271.23862,39.96,Aalborg,15,2,9,30.846958,28.702408,25.757198,21.373762,30.671268666666663,27.396163166666668,34215.567495109906,563.4041239800001,0.0,0.0
2026-09-09 16:00:00+00:00,16.9545,67.0,0.0,1003.1,15.0,36.34878,278.32556,39.96,Aalborg,16,2,9,32.46444,30.846958,28.702408,24.426859,33.22005933333333,29.75598816666667,48025.23699695819,616.27539051,0.0,0.0
2026-09-09 17:00:00+00:00,15.9545,72.0,0.0,1003.39514,5.0,36.388138,273.59348,37.8,Aalborg,17,2,9,36.34878,32.46444,30.846958,27.165838,35.06711933333333,31.751320333333336,48181.40933698013,580.554547721,0.0,0.0
2026-09-09 18:00:00+00:00,14.6045,74.0,0.0,1003.8882,0.0,32.65304,261.34753,30.599998,Aalborg,18,2,9,36.388138,36.34878,32.46444,26.146225,35.129985999999995,32.900627333333325,34815.35765544281,476.8813226799999,0.0,0.0
2026-09-09 19:00:00+00:00,13.1545,77.0,0.0,1004.18115,1.0,30.981373,256.9081,25.56,Aalborg,19,2,9,32.65304,36.388138,36.34878,25.337925,33.34085033333333,33.28045483333333,29737.33062029408,407.54447112850005,0.0,0.0
2026-09-09 20:00:00+00:00,12.4045,82.0,0.0,1004.4773,3.0,33.400486,260.93356,24.84,Aalborg,20,2,9,30.981373,32.65304,36.388138,23.700972,32.34496633333333,33.706042833333335,37261.33051014696,414.31632858700004,0.0,1.0
2026-09-09 21:00:00+00:00,12.3545,87.0,0.0,1004.8766,5.0,24.57322,326.65027,25.199999,Aalborg,21,2,9,33.400486,30.981373,32.65304,20.8946,29.651692999999995,32.3908395,14838.37035342215,303.58984649,1.0,1.0
2026-09-09 22:00:00+00:00,12.4545,90.0,0.0,1005.57623,0.0,22.694551,340.58444,24.84,Aalborg,22,2,9,24.57322,33.400486,30.981373,19.590725,26.889419,30.115134666666666,11688.66157620624,282.64928542949997,1.0,1.0
2026-09-09 23:00:00+00:00,12.2545,81.0,0.0,1006.1745,0.0,17.692745,337.249,16.199999,Aalborg,23,2,9,22.694551,24.57322,33.400486,19.825775,21.653505333333328,26.99923583333333,5538.417037687959,216.8157436025,1.0,1.0
2026-09-10 00:00:00+00:00,11.9545,84.0,0.0,1007.1719,1.0,17.164694,319.1447,15.4800005,Aalborg,0,3,9,17.692745,22.694551,24.57322,20.61057,19.183996666666662,24.417844833333337,5057.177494974208,205.195334423,1.0,1.0
2026-09-10 01:00:00+00:00,11.4045,84.0,0.0,1007.86816,10.0,17.072092,309.57938,15.119999,Aalborg,1,3,9,17.164694,17.692745,22.694551,19.70743,17.309843666666662,22.099631333333335,4975.769198760278,194.69867321400002,1.0,1.0
2026-09-10 02:00:00+00:00,10.9545,85.0,0.0,1008.2657,23.0,18.220695,308.74597,11.879999,Aalborg,2,3,9,17.072092,17.164694,17.692745,18.831278,17.485826999999997,19.569666166666668,6049.156428516481,199.59860337749998,1.0,1.0
2026-09-10 03:00:00+00:00,10.6045,88.0,0.0,1008.66364,22.0,18.00915,312.23608,10.440001,Aalborg,3,3,9,18.220695,17.072092,17.164694,19.716017,17.767312333333333,18.4756545,5840.898321781063,190.978031175,1.0,1.0
2026-09-10 04:00:00+00:00,9.9545,91.0,0.0,1008.95996,2.0,13.648476,316.04153,10.799999,Aalborg,4,3,9,18.00915,18.220695,17.072092,21.032618,16.626106999999998,16.967975333333335,2542.450353635948,135.863754342,1.0,0.2836074937676985
2026-09-10 05:00:00+00:00,9.7545,93.0,0.0,1009.55835,7.0,8.913098,323.8067,13.32,Aalborg,5,3,9,13.648476,18.00915,18.220695,23.695127,13.523574666666667,15.504700833333333,708.0860605750883,86.942814441,0.2836074937676985,0.6348278226890894
2026-09-10 06:00:00+00:00,11.2545,87.0,0.0,1010.1644,18.0,10.735015,281.3099,18.72,Aalborg,6,3,9,8.913098,13.648476,18.00915,23.246624,11.098863,14.433087666666667,1237.1090011923714,120.81722631750002,0.6348278226890894,1.0
2026-09-10 07:00:00+00:00,13.554501,78.0,0.0,1010.5747,1.0,19.305847,271.5622,22.319998,Aalborg,7,3,9,10.735015,8.913098,13.648476,20.720787,12.984653333333332,14.805380166666666,7195.592826740874,261.681122467347,1.0,1.0
2026-09-10 08:00:00+00:00,15.5045,71.0,0.0,1011.18286,1.0,18.098658,286.32693,27.359999,Aalborg,8,3,9,19.305847,10.735015,8.913098,22.128017,16.046506666666662,14.785040666666667,5928.422139929929,280.610642961,1.0,1.0
2026-09-10 09:00:00+00:00,16.5545,66.0,0.0,1011.58704,1.0,15.346954,280.53912,28.44,Aalborg,9,3,9,18.098658,19.305847,10.735015,23.198908,17.583819666666663,14.341341333333332,3614.6526838239806,254.06114999300002,1.0,1.0
2026-09-10 10:00:00+00:00,17.4545,59.0,0.0,1011.89075,0.0,17.194258,270.58463,29.16,Aalborg,10,3,9,15.346954,18.098658,19.305847,22.18983,16.87995666666667,14.932305,5083.353561251786,300.117176261,1.0,1.0
2026-09-10 11:00:00+00:00,18.154501,54.0,0.0,1012.29346,0.0,19.16262,273.6744,32.039997,Aalborg,11,3,9,17.194258,15.346954,18.098658,24.416145,17.234610666666665,16.640558666666667,7036.629140599697,347.88780395262,1.0,1.0
2026-09-10 12:00:00+00:00,18.5545,52.0,0.0,1012.5949,3.0,21.862835,279.23547,33.839996,Aalborg,12,3,9,19.16262,17.194258,15.346954,25.757198,19.406571,18.49519533333333,10450.075579002001,405.65397200750004,1.0,1.0
2026-09-10 13:00:00+00:00,18.6045,52.0,0.0,1012.89453,68.0,24.42434,284.13608,35.28,Aalborg,13,3,9,21.862835,19.16262,17.194258,28.702408,21.81659833333333,19.3482775,14570.300567905804,454.40263353000006,1.0,0.0
2026-09-10 14:00:00+00:00,18.4545,55.0,0.0,1013.1935,98.0,26.147991,286.36792,36.719997,Aalborg,14,3,9,24.42434,21.862835,19.16262,30.846958,24.14505533333333,20.689833,17877.83729341495,482.5480999095,0.0,0.0
2026-09-10 15:00:00+00:00,18.0045,59.0,0.0,1013.3913,98.0,25.048367,281.3099,36.719997,Aalborg,15,3,9,26.147991,24.42434,21.862835,32.46444,25.20689933333333,22.30673516666667,15715.863690649821,450.9833236515,0.0,1.0
2026-09-10 16:00:00+00:00,17.154501,61.0,0.0,1013.3876,100.0,23.918156,278.01114,35.28,Aalborg,16,3,9,25.048367,26.147991,24.42434,36.34878,25.038171333333327,23.427384833333335,13683.05530747704,410.304031020156,1.0,1.0
2026-09-10 17:00:00+00:00,16.2545,63.0,0.0,1013.58325,100.0,23.339783,271.29214,31.319998,Aalborg,17,3,9,23.918156,25.048367,26.147991,36.388138,24.102102,24.123578666666663,12714.241071401562,379.3765027735,1.0,1.0
2026-09-10 18:00:00+00:00,15.3545,66.0,0.0,1013.8786,98.0,20.868807,262.75558,27.359999,Aalborg,18,3,9,23.339783,23.918156,25.048367,32.65304,22.708915333333334,23.957907333333335,9088.513733962822,320.4300970815,1.0,1.0
2026-09-10 19:00:00+00:00,14.2045,70.0,0.0,1014.17316,100.0,20.895338,256.89722,20.880001,Aalborg,19,3,9,20.868807,23.339783,23.918156,30.981373,21.70130933333333,23.369740333333336,9123.221137975772,296.807828621,1.0,1.0
2026-09-10 20:00:00+00:00,13.2545,73.0,0.0,1014.2685,100.0,17.27997,254.6938,19.08,Aalborg,20,3,9,20.895338,20.868807,23.339783,33.400486,19.681371666666664,21.891736833333336,5159.753478190655,229.03736236499998,1.0,1.0
2026-09-10 21:00:00+00:00,12.6045,77.0,0.0,1014.2654,87.0,16.112076,234.75233,18.72,Aalborg,21,3,9,17.27997,20.895338,20.868807,24.57322,18.095794666666663,20.402355,4182.678705219219,203.08466194199997,1.0,1.0
2026-09-10 22:00:00+00:00,11.9045,82.0,0.0,1014.1624,77.0,17.343975,218.84084,17.28,Aalborg,22,3,9,16.112076,17.27997,20.895338,22.694551,16.912007,19.306658166666665,5217.301282541321,206.47135038750002,1.0,1.0
2026-09-10 23:00:00+00:00,11.5045,82.0,0.0,1014.0606,99.0,20.068808,202.08049,18.359999,Aalborg,23,3,9,17.343975,16.112076,17.27997,17.692745,17.841619666666663,18.761495666666665,8082.853998226128,230.881601636,1.0,1.0
2026-09-11 00:00:00+00:00,11.4545,82.0,0.0,1014.06024,97.0,21.211857,200.83345,19.44,Aalborg,0,4,9,20.068808,17.343975,16.112076,17.164694,19.54154666666666,18.818670666666666,9544.123973332311,242.97121600649996,1.0,1.0
2026-09-11 01:00:00+00:00,11.4045,82.0,0.0,1013.6605,99.0,22.320528,200.71425,19.44,Aalborg,1,4,9,21.211857,20.068808,17.343975,17.072092,21.200397666666664,19.05620233333333,11120.220307589123,254.554461576,1.0,1.0
2026-09-11 02:00:00+00:00,11.4045,82.0,0.0,1013.3609,99.0,24.25234,199.87697,20.16,Aalborg,2,4,9,22.320528,21.211857,20.068808,18.220695,22.594908333333333,20.218264,14264.644222112713,276.58581153,1.0,0.0
2026-09-11 03:00:00+00:00,11.6045,83.0,0.0,1013.26196,97.0,26.408607,198.1943,20.16,Aalborg,3,4,9,24.25234,22.320528,21.211857,18.00915,24.32715833333333,21.9343525,18417.74607196917,306.4586799315,0.0,0.0
2026-09-11 04:00:00+00:00,11.7045,84.0,0.0,1013.2626,96.0,26.911982,190.13774,20.519999,Aalborg,4,4,9,26.408607,24.25234,22.320528,13.648476,25.857642999999996,23.529020333333335,19491.13147274398,314.99129331899996,0.0,0.0
2026-09-11 05:00:00+00:00,12.1045,84.0,0.0,1013.1647,97.0,26.954838,185.2281,21.96,Aalborg,5,4,9,26.911982,26.408607,24.25234,8.913098,26.75847566666666,24.676692,19584.395821993065,326.274836571,0.0,0.0
2026-09-11 06:00:00+00:00,12.6545,83.0,0.0,1013.267,100.0,26.225569,188.0758,24.48,Aalborg,6,4,9,26.954838,26.911982,26.408607,10.735015,26.697463,25.512310666666664,18037.434156413958,331.87146291050004,0.0,1.0
2026-09-11 07:00:00+00:00,13.2545,89.0,0.3,1013.36975,100.0,24.49795,191.14896,25.919998,Aalborg,7,4,9,26.225569,26.954838,26.911982,19.305847,25.892785666666665,25.875214333333332,14702.433771375134,324.708078275,1.0,1.0
2026-09-11 08:00:00+00:00,13.940875,89.614075,0.25,1013.39777,100.0,19.129665,187.90707,22.769999,Aalborg,8,4,9,24.49795,26.225569,26.954838,18.098658,23.284394666666667,25.021435166666667,7000.387716756054,266.684268556875,1.0,1.0
2026-09-11 09:00:00+00:00,15.00225,86.052765,0.0,1013.57764,100.0,17.567038,188.61557,25.56,Aalborg,9,4,9,19.129665,24.49795,26.225569,15.346954,20.398217666666664,23.54784033333333,5421.202403680846,263.5450958355,1.0,1.0
2026-09-11 10:00:00+00:00,15.776125,83.64282,0.0,1013.63086,100.0,16.555857,192.8581,26.19,Aalborg,10,4,9,17.567038,19.129665,24.49795,17.194258,17.75085333333333,21.8218195,4537.900819244313,261.187269514125,1.0,1.0
2026-09-11 11:00:00+00:00,16.25,77.44796,0.0,1013.6831,100.0,17.809786,214.15974,23.759998,Aalborg,11,4,9,16.555857,17.567038,19.129665,19.16262,17.31089366666666,20.297644166666668,5649.058903550669,289.4090225,1.0,1.0
2026-09-11 12:00:00+00:00,16.45,77.22495,0.0,1013.6839,90.0,19.378254,211.67543,28.08,Aalborg,12,4,9,17.809786,16.555857,17.567038,21.862835,17.91463233333333,19.156425,7276.858538148195,318.7722783,1.0,1.0
2026-09-11 13:00:00+00:00,16.6,79.03837,0.0,1013.5848,47.0,18.141972,198.61026,27.72,Aalborg,13,4,9,19.378254,17.809786,16.555857,24.42434,18.44333733333333,18.097095333333332,5971.088072228893,301.1567352,1.0,1.0
2026-09-11 14:00:00+00:00,17.4,73.91368,0.0,1013.4884,68.0,22.577612,219.00748,33.839996,Aalborg,14,4,9,18.141972,19.378254,17.809786,26.147991,20.032612666666665,18.671753166666665,11508.90528702711,392.8504487999999,1.0,1.0
2026-09-11 15:00:00+00:00,17.25,76.34543,0.1,1013.3878,88.0,24.496695,218.019,33.839996,Aalborg,15,4,9,22.577612,18.141972,19.378254,25.048367,21.738759666666663,19.826696000000002,14700.174324056235,422.56798875,1.0,0.0
2026-09-11 16:00:00+00:00,15.7,87.61506,0.4,1013.3809,97.0,25.787655,210.2283,34.2,Aalborg,16,4,9,24.496695,22.577612,18.141972,23.918156,24.287320666666663,21.365329,17148.87181640317,404.8661835,0.0,0.0
2026-09-11 17:00:00+00:00,14.85,94.96264,1.3,1013.4769,80.0,26.070772,216.79288,31.319998,Aalborg,17,4,9,25.787655,24.496695,22.577612,23.339783,25.45170733333333,22.74216,17719.91664720077,387.15096420000003,0.0,1.0
2026-09-11 18:00:00+00:00,15.0,95.58487,0.2,1013.6773,27.0,24.702522,239.24568,26.64,Aalborg,18,4,9,26.070772,25.787655,24.496695,20.868807,25.52031633333333,23.629538,15073.839412267902,370.53783,1.0,1.0
2026-09-11 19:00:00+00:00,14.4,96.81393,0.0,1013.9741,18.0,21.82338,245.28922,25.199999,Aalborg,19,4,9,24.702522,26.070772,25.787655,20.895338,24.198891333333332,24.243106,10393.601095615839,314.25667200000004,1.0,1.0
2026-09-11 20:00:00+00:00,13.85,97.75072,0.0,1014.371,21.0,21.881832,254.18074,20.519999,Aalborg,20,4,9,21.82338,24.702522,26.070772,17.27997,22.802577999999997,24.127142666666668,10477.34001657109,303.0633732,1.0,1.0
2026-09-11 21:00:00+00:00,13.55,97.74552,0.0,1014.76917,16.0,22.950798,258.0888,21.24,Aalborg,21,4,9,21.881832,21.82338,24.702522,16.112076,22.21867,23.86949316666667,12089.083344629462,310.9833129,1.0,1.0
2026-09-11 22:00:00+00:00,13.35,97.742035,0.0,1015.0679,8.0,24.34355,260.87717,23.039999,Aalborg,22,4,9,22.950798,21.881832,21.82338,17.343975,23.05872666666666,23.628809,14426.19286341929,324.9863925,1.0,1.0
2026-09-11 23:00:00+00:00,13.15,97.738556,0.0,1015.0669,9.0,23.0211,255.43419,23.039999,Aalborg,23,4,9,24.34355,22.950798,21.881832,20.068808,23.438482666666662,23.12053033333333,12200.516428883931,302.727465,1.0,1.0
2026-09-12 00:00:00+00:00,12.95,97.73505,0.0,1015.0659,9.0,22.467598,255.52966,21.599998,Aalborg,0,5,9,23.0211,24.34355,22.950798,21.211857,23.277416,22.748043,11341.485296029745,290.9553941,1.0,1.0
2026-09-12 01:00:00+00:00,12.75,97.73155,0.0,1015.065,75.0,22.681664,255.21127,20.880001,Aalborg,1,5,9,22.467598,23.0211,24.34355,22.320528,22.723453999999993,22.891090333333334,11668.760817341094,289.191216,1.0,1.0
2026-09-12 02:00:00+00:00,12.6,98.050545,0.0,1015.0644,43.0,22.821684,253.93353,21.24,Aalborg,2,5,9,22.681664,22.467598,23.0211,24.25234,22.656982,23.047732333333332,11886.200803272279,287.5532184,1.0,1.0
2026-09-12 03:00:00+00:00,12.7,97.41021,0.0,1014.9651,58.0,23.065845,255.01239,21.96,Aalborg,3,5,9,22.821684,22.681664,22.467598,26.408607,22.856397666666666,23.066906833333334,12271.795454392937,292.93623149999996,1.0,1.0
2026-09-12 04:00:00+00:00,12.55,97.72802,0.0,1014.6645,52.0,21.749207,252.1496,21.599998,Aalborg,4,5,9,23.065845,22.821684,22.681664,26.911982,22.54557866666666,22.634516333333334,10287.984000344397,272.95254785,1.0,1.0
2026-09-12 05:00:00+00:00,12.25,97.4012,0.0,1014.46356,66.0,21.608643,246.55707,20.16,Aalborg,5,5,9,21.749207,23.065845,22.821684,26.954838,22.14123166666666,22.399106833333335,10089.79827553954,264.70587675,1.0,1.0
2026-09-12 06:00:00+00:00,12.65,97.40921,0.0,1014.36566,41.0,20.049627,237.14427,20.880001,Aalborg,6,5,9,21.608643,21.749207,23.065845,26.225569,21.135825666666666,21.996111666666668,8059.7002925710585,253.62778155,1.0,1.0
2026-09-12 07:00:00+00:00,13.2,96.78446,0.0,1014.468,76.0,19.600935,224.9999,25.199999,Aalborg,7,5,9,20.049627,21.608643,21.749207,24.49795,20.419735,21.482656833333333,7530.613620205247,258.73234199999996,1.0,1.0
2026-09-12 08:00:00+00:00,14.3,89.52136,0.0,1014.3732,99.0,23.322632,224.9999,33.12,Aalborg,8,5,9,19.600935,20.049627,21.608643,19.129665,20.991064666666663,21.566148166666665,12686.232874331214,333.5136376,1.0,0.0
2026-09-12 09:00:00+00:00,15.05,84.45917,0.2,1014.27686,85.0,25.680008,225.27678,37.44,Aalborg,9,5,9,23.322632,19.600935,20.049627,17.567038,22.86785833333333,22.001842,16935.01025910253,386.48412040000005,0.0,0.0
2026-09-12 10:00:00+00:00,15.95,78.944305,0.1,1013.5819,92.0,26.301159,224.45956,39.239998,Aalborg,10,5,9,25.680008,23.322632,19.600935,16.555857,25.10126633333333,22.76050066666667,18193.852112116423,419.50348604999994,0.0,0.0
2026-09-12 11:00:00+00:00,16.5,75.477325,0.1,1013.18494,100.0,30.562258,232.93268,44.639996,Aalborg,11,5,9,26.301159,25.680008,23.322632,17.809786,27.514474999999994,24.252769833333332,28546.72641417426,504.277257,0.0,0.0
2026-09-12 12:00:00+00:00,16.65,66.13656,0.0,1012.9858,100.0,31.17154,238.81508,48.239998,Aalborg,12,5,9,30.562258,26.301159,25.680008,19.378254,29.344985666666663,26.106422,30288.291483089968,519.006141,0.0,0.0
2026-09-12 13:00:00+00:00,16.6,67.46217,0.1,1012.38635,100.0,31.93824,234.38905,49.32,Aalborg,13,5,9,31.17154,30.562258,26.301159,18.141972,31.224012666666663,28.1626395,32578.63921699858,530.174784,0.0,0.0
2026-09-12 14:00:00+00:00,16.25,72.02569,0.1,1011.68567,100.0,32.645973,226.95992,48.96,Aalborg,14,5,9,31.93824,31.17154,30.562258,22.577612,31.91858433333333,29.71652966666667,34792.757595540796,530.49706125,0.0,0.0
2026-09-12 15:00:00+00:00,15.85,77.38631,0.1,1011.08453,100.0,33.175327,221.78442,48.239998,Aalborg,15,5,9,32.645973,31.93824,31.17154,24.496695,32.586513333333336,30.9657495,36512.841914610275,525.8289329500001,0.0,0.0
2026-09-12 16:00:00+00:00,15.4,83.12543,0.5,1010.4834,100.0,32.82697,221.09941,46.8,Aalborg,16,5,9,33.175327,32.645973,31.93824,25.787655,32.882756666666666,32.053384666666666,35374.66980829803,505.5353380000001,0.0,0.0
2026-09-12 17:00:00+00:00,14.9,90.15361,0.5,1009.9819,100.0,31.911722,222.5491,45.0,Aalborg,17,5,9,32.82697,33.175327,32.645973,26.070772,32.63800633333333,32.27829533333333,32497.557424556348,475.48465780000004,0.0,0.0
2026-09-12 18:00:00+00:00,14.6,95.26185,0.5,1009.58075,100.0,30.890333,224.7699,42.48,Aalborg,18,5,9,31.911722,32.82697,33.175327,24.702522,31.87634166666666,32.2314275,29475.947217184017,450.9988618,0.0,0.0
2026-09-12 19:00:00+00:00,14.65,97.13396,0.1,1009.28143,100.0,30.058573,227.83885,39.6,Aalborg,19,5,9,30.890333,31.911722,32.82697,21.82338,30.953542666666664,31.918149666666665,27158.45607262164,440.35809445,0.0,0.0
2026-09-12 20:00:00+00:00,14.85,96.824844,0.1,1008.9828,100.0,29.236319,231.82341,36.36,Aalborg,20,5,9,30.058573,30.890333,31.911722,21.881832,30.061741666666666,31.349874,24990.104694898364,434.15933715,0.0,0.0
2026-09-12 21:00:00+00:00,15.0,96.51626,0.1,1008.7836,100.0,28.708841,236.21278,33.839996,Aalborg,21,5,9,29.236319,30.058573,30.890333,22.950798,29.334577666666664,30.605459666666665,23661.756460419536,430.632615,0.0,0.0
2026-09-12 22:00:00+00:00,15.0,96.51626,0.0,1008.584,93.0,28.594429,240.60403,32.760002,Aalborg,22,5,9,28.708841,29.236319,30.058573,24.34355,28.846529666666665,29.900036166666666,23379.98809723942,428.91643500000004,0.0,0.0
2026-09-12 23:00:00+00:00,14.9,96.513626,0.0,1008.384,84.0,28.967136,245.29759,32.760002,Aalborg,23,5,9,28.594429,28.708841,29.236319,23.0211,28.756801999999997,29.409271833333335,24306.178056202636,431.6103264,0.0,0.0
2026-09-13 00:00:00+00:00,14.75,95.88665,0.0,1008.2831,78.0,29.244211,250.3692,33.12,Aalborg,0,6,9,28.967136,28.594429,28.708841,22.467598,28.935258666666666,29.13491816666667,25010.347511592212,431.35211225,0.0,0.0
2026-09-13 01:00:00+00:00,14.5,94.94928,0.0,1008.28217,81.0,29.70578,257.03073,34.2,Aalborg,1,6,9,29.244211,28.967136,28.594429,22.681664,29.305708999999997,29.076119333333338,26213.371417481543,430.73381,0.0,0.0
2026-09-13 02:00:00+00:00,14.2,93.70804,0.0,1008.3805,86.0,30.340897,264.02576,36.0,Aalborg,2,6,9,29.70578,29.244211,28.967136,22.821684,29.76362933333333,29.260215666666667,27930.92048471583,430.84073739999997,0.0,0.0
2026-09-13 03:00:00+00:00,13.85,91.56769,0.0,1008.57855,84.0,31.230728,269.35626,37.079998,Aalborg,3,6,9,30.340897,29.70578,29.244211,23.065845,30.42580166666666,29.680530166666667,30461.152000028185,432.5455828,0.0,0.0
2026-09-13 04:00:00+00:00,13.4,87.98599,0.0,1008.87634,64.0,31.59718,271.90912,37.079998,Aalborg,4,6,9,31.230728,30.340897,29.70578,21.749207,31.056268333333332,30.180988666666668,31546.0489362651,423.402212,0.0,0.0
2026-09-13 05:00:00+00:00,12.9,83.37817,0.0,1009.1734,36.0,31.638554,273.49698,36.36,Aalborg,5,6,9,31.59718,31.230728,30.340897,21.608643,31.488820666666665,30.626225,31670.13241578192,408.1373466,0.0,0.0
2026-09-13 06:00:00+00:00,12.8,78.74456,0.0,1009.47266,17.0,32.244205,275.30722,37.8,Aalborg,6,6,9,31.638554,31.59718,31.230728,20.049627,31.82664633333333,31.126223999999997,33523.93738730381,412.72582400000005,0.0,0.0
2026-09-13 07:00:00+00:00,13.3,73.93604,0.0,1009.7744,12.0,33.89356,278.63333,42.839996,Aalborg,7,6,9,32.244205,31.638554,31.59718,19.600935,32.592106333333334,31.82418733333333,38936.02048039803,450.784348,0.0,0.0
2026-09-13 08:00:00+00:00,14.2,68.80054,0.0,1010.07825,16.0,36.098965,282.34756,49.32,Aalborg,8,6,9,33.89356,32.244205,31.638554,23.322632,34.07891,32.78386533333333,47041.834648962555,512.6053029999999,0.0,0.0
2026-09-13 09:00:00+00:00,14.9,65.316925,0.0,1010.28143,27.0,37.74623,284.81137,54.36,Aalborg,9,6,9,36.098965,33.89356,32.244205,25.680008,35.91291833333333,33.86978233333333,53779.99352768233,562.418827,0.0,0.0
2026-09-13 10:00:00+00:00,15.3,63.44356,0.0,1010.4828,50.0,38.41509,286.44867,56.16,Aalborg,10,6,9,37.74623,36.098965,33.89356,26.301159,37.420094999999996,35.00610066666666,56689.883566609235,587.7508770000001,0.0,0.0
2026-09-13 11:00:00+00:00,15.6,62.44617,0.0,1010.6841,79.0,38.619663,287.44727,56.16,Aalborg,11,6,9,38.41509,37.74623,36.098965,30.562258,38.26032766666666,36.16961883333333,57600.39203020968,602.4667428,0.0,0.0
2026-09-13 12:00:00+00:00,15.7,62.04774,0.0,1010.8842,98.0,38.33849,287.85464,56.16,Aalborg,12,6,9,38.619663,38.41509,37.74623,31.17154,38.45774766666666,37.185333,56351.43906738566,601.9142929999999,0.0,0.0
2026-09-13 13:00:00+00:00,15.65,61.617065,0.0,1011.0836,94.0,37.730328,287.5925,56.519997,Aalborg,13,6,9,38.33849,38.619663,38.41509,31.93824,38.22949366666666,37.82479433333333,53712.05170523107,590.4796332,0.0,0.0
2026-09-13 14:00:00+00:00,15.4,61.767933,0.0,1011.1825,80.0,36.80154,286.62082,56.88,Aalborg,14,6,9,37.730328,38.33849,38.619663,32.645973,37.623452666666665,37.94189016666667,49842.288850628305,566.7437160000001,0.0,0.0
2026-09-13 15:00:00+00:00,15.05,62.95783,0.0,1011.1809,70.0,35.40679,284.93146,56.88,Aalborg,15,6,9,36.80154,37.730328,38.33849,33.175327,36.64621933333333,37.5519835,44387.39576576847,532.8721895,0.0,0.0
2026-09-13 16:00:00+00:00,14.5,66.121086,0.0,1011.07855,73.0,33.37836,282.1368,57.6,Aalborg,16,6,9,35.40679,36.80154,37.730328,32.82697,35.19556333333333,36.7125285,37187.32875728414,483.98622,0.0,0.0
2026-09-13 17:00:00+00:00,13.8,70.84741,0.0,1010.77563,81.0,31.01414,278.13,57.96,Aalborg,17,6,9,33.37836,35.40679,36.80154,31.911722,33.26642999999999,35.44494133333334,29831.784217209948,427.995132,0.0,0.0
2026-09-13 18:00:00+00:00,13.25,75.185844,0.0,1010.6733,88.0,29.401665,274.79193,56.16,Aalborg,18,6,9,31.01414,33.37836,35.40679,30.890333,31.264721666666663,33.9554705,25416.501722714864,389.57206125,0.0,0.0
2026-09-13 19:00:00+00:00,12.9,78.23111,0.0,1010.7713,94.0,28.650887,273.51062,49.32,Aalborg,19,6,9,29.401665,31.01414,33.37836,30.058573,29.68889733333333,32.442230333333335,23518.748901295996,369.59644230000004,0.0,0.0
2026-09-13 20:00:00+00:00,12.7,80.87702,0.0,1010.8705,98.0,28.31209,273.90848,40.32,Aalborg,20,6,9,28.650887,29.401665,31.01414,29.236319,28.788213999999996,31.027322,22694.247691738867,359.563543,0.0,0.0
2026-09-13 21:00:00+00:00,12.5,82.77349,0.0,1011.0693,99.0,27.988432,274.67407,33.12,Aalborg,21,6,9,28.31209,28.650887,29.401665,28.708841,28.317136333333327,29.790929000000002,21924.803303216402,349.8554,0.0,0.0
2026-09-13 22:00:00+00:00,12.35,83.873276,0.0,1011.1683,95.0,27.687132,275.81888,30.599998,Aalborg,22,6,9,27.988432,28.31209,28.650887,28.594429,27.995884666666665,28.842390999999996,21224.326294857976,341.9360802,0.0,0.0
2026-09-13 23:00:00+00:00,12.2,84.70411,0.0,1011.2674,87.0,27.419025,277.3523,30.239998,Aalborg,23,6,9,27.687132,27.988432,28.31209,28.967136,27.69819633333333,28.243205166666666,20613.703386227487,334.512105,0.0,0.0
2026-09-14 00:00:00+00:00,12.1,84.97764,0.0,1011.36707,74.0,27.05457,279.70657,29.88,Aalborg,0,0,9,27.419025,27.687132,27.988432,29.244211,27.386908999999992,27.85202266666667,19802.585961180073,327.36029699999995,0.0,0.0
2026-09-14 01:00:00+00:00,11.95,85.53363,0.0,1011.4662,48.0,26.510975,283.39252,29.519999,Aalborg,1,0,9,27.05457,27.419025,27.687132,29.70578,26.994856666666664,27.495370666666663,18632.75615839663,316.80615124999997,0.0,0.0
2026-09-14 02:00:00+00:00,11.75,86.3786,0.0,1011.46533,16.0,26.187395,287.9495,29.16,Aalborg,2,0,9,26.510975,27.05457,27.419025,30.340897,26.584313333333327,27.14125483333333,17958.782757838802,307.70189124999996,0.0,0.0
2026-09-14 03:00:00+00:00,11.65,86.95067,0.0,1011.66437,0.0,25.872856,290.64706,28.8,Aalborg,3,0,9,26.187395,26.510975,27.05457,31.230728,26.19040866666666,26.788658833333333,17319.410829186774,301.41877239999997,0.0,0.0
2026-09-14 04:00:00+00:00,11.5,88.40808,0.0,1012.06323,16.0,25.79959,289.0511,27.72,Aalborg,4,0,9,25.872856,26.187395,26.510975,31.59718,25.95328033333333,26.4740685,17172.693275810867,296.69528499999996,0.0,0.0
2026-09-14 05:00:00+00:00,11.4,89.59355,0.0,1012.562,48.0,25.713547,285.83807,26.28,Aalborg,5,0,9,25.79959,25.872856,26.187395,31.638554,25.795330999999994,26.18982216666667,17001.450126061372,293.1344358,0.0,0.0
2026-09-14 06:00:00+00:00,11.65,88.42096,0.0,1013.06256,67.0,25.105442,283.74493,26.28,Aalborg,6,0,9,25.713547,25.79959,25.872856,32.244205,25.539526333333328,25.864967499999995,15823.538773458076,292.47839930000004,0.0,1.0
2026-09-14 07:00:00+00:00,12.5,82.77349,0.0,1013.566,59.0,22.896418,285.10114,28.44,Aalborg,7,0,9,25.105442,25.713547,25.79959,33.89356,24.571802333333327,25.262541333333335,12003.35457156478,286.205225,1.0,1.0
2026-09-14 08:00:00+00:00,13.65,75.76079,0.0,1014.17035,38.0,20.02889,288.91116,31.319998,Aalborg,8,0,9,22.896418,25.105442,25.713547,36.098965,22.67691666666666,24.236123833333334,8034.718102038522,273.39434850000004,1.0,1.0
2026-09-14 09:00:00+00:00,14.6,70.28782,0.0,1014.5742,24.0,17.88653,291.27966,33.48,Aalborg,9,0,9,20.02889,22.896418,25.105442,37.74623,20.270612666666665,22.9050695,5722.400972832322,261.143338,1.0,1.0
2026-09-14 10:00:00+00:00,15.15,67.386765,0.0,1014.87634,23.0,16.643932,288.43503,32.760002,Aalborg,10,0,9,17.88653,20.02889,22.896418,38.41509,18.186450666666662,21.3791265,4610.709905576741,252.1555698,1.0,1.0
2026-09-14 11:00:00+00:00,15.45,65.879364,0.0,1015.07776,29.0,16.346304,282.3954,30.960001,Aalborg,11,0,9,16.643932,17.88653,20.02889,38.619663,16.958921999999994,19.817919333333332,4367.759473112916,252.5503968,1.0,1.0
2026-09-14 12:00:00+00:00,15.55,65.01879,0.0,1015.2777,39.0,17.074799,279.46225,30.239998,Aalborg,12,0,9,16.346304,16.643932,17.88653,38.33849,16.688344999999995,18.479478833333335,4978.136490902657,265.51312445,1.0,1.0
2026-09-14 13:00:00+00:00,15.4,64.985886,0.0,1015.377,58.0,19.716017,281.80984,32.039997,Aalborg,13,0,9,17.074799,16.346304,16.643932,37.730328,17.71237333333333,17.949412,7664.03627846655,303.6266618,1.0,1.0
2026-09-14 14:00:00+00:00,15.0,65.78224,0.0,1015.4749,82.0,23.281023,285.29303,35.28,Aalborg,14,0,9,19.716017,17.074799,16.346304,36.80154,20.023946333333328,18.491434166666668,12618.454895420258,349.215345,1.0,0.0
2026-09-14 15:00:00+00:00,14.6,67.04462,0.0,1015.5729,98.0,25.475428,286.8127,37.44,Aalborg,15,0,9,23.281023,19.716017,17.074799,35.40679,22.824156,19.7562505,16533.487345577418,371.9412488,0.0,1.0
2026-09-14 16:00:00+00:00,14.15,69.25754,0.0,1015.67096,99.0,24.681955,284.8265,38.16,Aalborg,16,0,9,25.475428,23.281023,19.716017,33.37836,24.479468666666662,21.095921,15036.2199005662,349.24966324999997,1.0,1.0
2026-09-14 17:00:00+00:00,13.6,72.017365,0.0,1015.76825,93.0,22.708788,281.13626,38.16,Aalborg,17,0,9,24.681955,25.475428,23.281023,31.01414,24.28872366666666,22.156335,11710.673365529772,308.83951679999996,1.0,1.0
2026-09-14 18:00:00+00:00,13.25,74.17747,0.0,1015.86646,88.0,21.065516,277.65762,38.16,Aalborg,18,0,9,22.708788,24.681955,25.475428,29.401665,22.818752999999997,22.8214545,9347.948367031484,279.118087,1.0,1.0
2026-09-14 19:00:00+00:00,12.8,83.36626,0.0,1018.6606,87.0,19.669127,267.4439,29.16,Aalborg,19,0,9,21.065516,22.708788,24.681955,28.650887,21.14781033333333,22.813639500000004,7609.484793563466,251.7648256,1.0,1.0
2026-09-14 20:00:00+00:00,12.3,85.28449,0.0,1018.6584,87.0,18.71569,263.5413,27.72,Aalborg,20,0,9,19.669127,21.065516,22.708788,28.31209,19.816777666666663,22.052750666666668,6555.676722641711,230.202987,1.0,1.0
2026-09-14 21:00:00+00:00,11.95,86.39851,0.0,1018.6567,87.0,17.412167,257.7843,26.28,Aalborg,21,0,9,18.71569,19.669127,21.065516,27.988432,18.59899466666666,20.70887383333333,5279.082772034559,208.07539565,1.0,1.0
2026-09-14 22:00:00+00:00,11.65,87.53617,0.0,1018.65515,87.0,16.26324,249.80557,24.48,Aalborg,22,0,9,17.412167,18.71569,19.669127,27.687132,17.463698999999995,19.30575466666667,4301.51273557894,189.466746,1.0,1.0
2026-09-14 23:00:00+00:00,11.45,88.10758,0.0,1018.5543,86.0,15.407004,239.9315,23.039999,Aalborg,23,0,9,16.26324,17.412167,18.71569,27.419025,16.360803666666666,18.088790666666668,3657.249472651528,176.4101958,1.0,1.0
2026-09-15 00:00:00+00:00,11.3,88.688286,0.0,1018.35394,87.0,15.052309,229.25392,22.319998,Aalborg,0,1,9,15.407004,16.26324,17.412167,27.05457,15.574184333333328,17.0865895,3410.431848546177,170.0910917,1.0,1.0
2026-09-15 01:00:00+00:00,11.25,88.68408,0.0,1018.054,89.0,15.404008,217.13101,21.96,Aalborg,1,1,9,15.052309,15.407004,16.26324,26.510975,15.287773666666661,16.375736333333332,3655.116354064141,173.29509,1.0,1.0
2026-09-15 02:00:00+00:00,11.25,88.386566,0.0,1017.75433,91.0,16.495325,203.83875,21.96,Aalborg,2,1,9,15.404008,15.052309,15.407004,26.187395,15.650547333333328,16.0056755,4488.307775501264,185.57240625,1.0,1.0
2026-09-15 03:00:00+00:00,11.3,87.79872,0.0,1017.3553,93.0,18.478182,192.05675,22.319998,Aalborg,3,1,9,16.495325,15.404008,15.052309,25.872856,16.792504999999995,16.183344666666667,6309.249777508466,208.8034566,1.0,1.0
2026-09-15 04:00:00+00:00,11.5,86.64452,0.0,1016.85693,95.0,21.088884,183.33841,23.039999,Aalborg,4,1,9,18.478182,16.495325,15.404008,25.79959,18.687463666666662,16.987618666666666,9379.09195723981,242.522166,1.0,1.0
2026-09-15 05:00:00+00:00,11.8,84.9449,0.0,1016.3589,98.0,23.700972,177.87895,24.119999,Aalborg,5,1,9,21.088884,18.478182,16.495325,25.713547,21.089345999999995,18.369946666666667,13313.690955215061,279.6714696,1.0,0.0
2026-09-15 06:00:00+00:00,12.2,83.01508,0.0,1015.8614,99.0,25.90674,174.55975,25.919998,Aalborg,6,1,9,23.700972,21.088884,18.478182,25.105442,23.565531999999994,20.1790185,17387.5463082307,316.06222799999995,0.0,0.0
2026-09-15 07:00:00+00:00,12.9,79.55766,0.0,1015.2654,100.0,27.531054,173.78087,28.44,Aalborg,7,1,9,25.90674,23.700972,21.088884,22.896418,25.712921999999995,22.200192833333332,20867.408351397527,355.15059660000003,0.0,0.0
2026-09-15 08:00:00+00:00,13.9,75.04293,0.0,1014.6709,100.0,28.577744,174.0095,32.039997,Aalborg,8,1,9,27.531054,25.90674,23.700972,20.02889,27.33851266666666,24.213929333333336,23339.08493497013,397.2306416,0.0,0.0
2026-09-15 09:00:00+00:00,15.0,70.12977,0.0,1014.0768,100.0,29.212618,175.5222,36.0,Aalborg,9,1,9,28.577744,27.531054,25.90674,17.88653,28.440471999999996,26.003002,24929.3777837087,438.18926999999996,0.0,0.0
2026-09-15 10:00:00+00:00,16.05,66.22994,0.0,1013.3825,100.0,29.701637,176.61374,39.6,Aalborg,10,1,9,29.212618,28.577744,27.531054,16.643932,29.163999666666665,27.438460833333334,26202.40518276181,476.71127385000005,0.0,0.0
2026-09-15 11:00:00+00:00,16.85,63.579338,0.0,1012.68713,100.0,30.392591,177.02205,43.199997,Aalborg,11,1,9,29.701637,29.212618,28.577744,16.346304,29.768948666666663,28.553730666666667,28073.92770154052,512.11515835,0.0,0.0
2026-09-15 12:00:00+00:00,17.25,63.03444,0.0,1011.8898,100.0,30.938124,176.42374,45.36,Aalborg,12,1,9,30.392591,29.701637,29.212618,17.074799,30.344117333333326,29.39229466666667,29612.967318561074,533.682639,0.0,0.0
2026-09-15 13:00:00+00:00,17.15,64.71732,0.5,1010.99066,100.0,32.14238,173.41815,46.44,Aalborg,13,1,9,30.938124,30.392591,29.701637,19.716017,31.15769833333333,30.160849,33207.34036451894,551.241817,0.0,0.0
2026-09-15 14:00:00+00:00,16.6,69.05122,0.5,1010.08936,100.0,34.029057,168.40044,46.8,Aalborg,14,1,9,32.14238,30.938124,30.392591,23.281023,32.369853666666664,31.069401166666665,39404.8558200765,564.8823462,0.0,0.0
2026-09-15 15:00:00+00:00,15.85,74.62553,0.5,1009.08716,100.0,36.24702,163.40692,46.8,Aalborg,15,1,9,34.029057,32.14238,30.938124,25.475428,34.139485666666666,32.2418015,47623.01887196703,574.515267,0.0,0.0
2026-09-15 16:00:00+00:00,15.05,80.923485,0.5,1008.08496,100.0,37.907345,159.9715,46.079998,Aalborg,16,1,9,36.24702,34.029057,32.14238,24.681955,36.06114066666666,33.6094195,54471.596428750396,570.50554225,0.0,0.0
2026-09-15 17:00:00+00:00,14.3,87.20116,0.5,1007.1826,100.0,38.345314,158.24721,45.719997,Aalborg,17,1,9,37.907345,36.24702,34.029057,22.708788,37.49989299999999,34.934873333333336,56381.53498432858,548.3379902,0.0,0.0
2026-09-15 18:00:00+00:00,13.85,91.56769,0.5,1006.3814,100.0,36.42787,159.12091,45.719997,Aalborg,18,1,9,38.345314,37.907345,36.24702,21.065516,37.560176333333324,35.849831,48339.408746917135,504.52599949999995,0.0,0.0
2026-09-15 19:00:00+00:00,13.7,93.991486,0.4,1005.5819,92.0,31.4517,164.80089,46.079998,Aalborg,19,1,9,36.42787,38.345314,37.907345,19.669127,35.40829466666666,35.73471766666667,31112.31832042641,430.88829,0.0,1.0
2026-09-15 20:00:00+00:00,13.65,95.53932,0.4,1004.88257,82.0,24.742985,178.78116,46.079998,Aalborg,20,1,9,31.4517,36.42787,38.345314,18.71569,30.874184999999994,34.187039,15148.034150701498,337.74174525,1.0,1.0
2026-09-15 21:00:00+00:00,13.75,95.85519,0.4,1004.184,69.0,20.087204,205.89359,46.44,Aalborg,21,1,9,24.742985,31.4517,36.42787,17.412167,25.427296333333327,31.49373633333333,8105.101735403058,276.199055,1.0,
